position,company,location,URL
Software Engineer – BCG X의 전체 세부 정보,Boston Consulting Group,서울,https://kr.indeed.com/pagead/clk?mo=r&ad=-6NYlbfkN0Ad1FFWZOsBBwBZDGouyCcICeLSd3pQct3wJ1q5dPO7JK97v8vsS6itPjDP9Pt4TgJrKUGxgpL6-tShyR6jr0j_bjdflHYZFqpTpRfX5tBpxXnO_0jvrbdhBNcI1BLaycE0eRyaUX535RqOzrcFA7foShaUB-WImMk0OePoGDZkdfNuhMxGzcjGMye3jsvk8xOnQ2yi875wLBsc7cFfjaGqs45siTgkE2z_ENsQIG0eEzu8Q0VsvQch9CjwiAv7-2LkC-pw0kPEiW45a_Yu_90Jd8RjYkYP8EBBMw-3CLScOlJZ4j2oIkpKVrSF9AT9Tt-xBivAREE_k_W6IQOqcfsbOQY-pAN1xoDRaj_iZqzLh672pOOO3ciEILMqWQQIoW-DZON8f4mvxVIY5QzfrRtyxl7RkbftxvOSGi1U9UYw_NUr-F3dBte468LEE1MPfZCm442spbTzRPWf25ILgNnXzKu09jCJdV3moEW5x_PIHjfQryzlvSRBoWMTJUwNE78IJ90Q6MNbUp_Bk46_mBw2NKsLdhFfPudw9ZzNsrxIcYI6WmLZLKavkcPneiWja9xg_-nOdd5Hup4pxS42ksD_ZKDBA1XKIbRpzim6lU_YTxL-kpgLEHzybEQSJVi8Bsk6nsgF81SDR5hmkQLpQcyusyJUIR2uTLIO_p6jwpahn1lW9x8L_wOlHMltz9MV0FiHugVUAYU72gHoHPsOC5gvaxqwxuGCzhlb0BWS26-KfXqmf_VeyydoBrmQNgxRai47OY4-PE92_j-dPHoz6A9zMNcBuc73tqFk9vNvqkoZUQozoav1w3LhizzEByO7KyuzKtRlbGhWyRet9v8dUWihgSyvWgutfLaD5C4Vg577WtedpPq17oZeSrD_1coSbFhchnO4THhUasT4oHv8LSjcylIXCfMbyS-e7P9il_j-o_E1wO20411n8V3uaeuwOc8uVTTNm9_IyVO4moRJ_IDYQ1J1Y0XUynwPiLNIZgFOxSUwL5hSkWssGkz637SO9XqdFHGWG6EApKcA-v4EZttNlNK2KqD-ReoP2h9-9EB5D6vpDaZOyRVO8RdebfJufKmz9Vj1hpkAsOOuSvJ4nz_R48OGUtGYjWEJlfnKF7wpA8mEgwDtxkHvBMY6H1CaMS8TCnaccWbXeTYhxZHQmA8j3nOmc79CC9aK1pYpM3ciWyzyL2ASN7Q4_Zo69r23k2fmFefqHqzTjGtYLBNvjKQVbji2T7w6x-DamteuKvZL1zY3j18-76QH__Y-fHEzjyPaD9duVHXM-A==&xkcb=SoA4-_M3HP22Sxg1bb0LbzkdCdPP&p=0&fvj=0&vjs=3
백엔드/서버개발자 (신입/경력)의 전체 세부 정보,엔에스원소프트,서울 강남구,https://kr.indeed.com/rc/clk?jk=21ff1c456cede624&fccid=4cb5f3678194f0b7&vjs=3
백엔드 개발자(인턴십)의 전체 세부 정보,액스,서울 서초구,https://kr.indeed.com/rc/clk?jk=b7223c792bfcbcd4&fccid=5013eca338141e7d&vjs=3
Data Scientist – BCG X의 전체 세부 정보,Boston Consulting Group,서울,https://kr.indeed.com/pagead/clk?mo=r&ad=-6NYlbfkN0Ad1FFWZOsBBwBZDGouyCcICeLSd3pQct3wJ1q5dPO7JK97v8vsS6itPjDP9Pt4TgJrKUGxgpL6-hgrMFNy7KLcFw10rAcUSaRFKX778E1eVGHhvXTDabpPj5BUMtsv2QYKPNSZpPC5_16IqikXkHiyF_T78Rg3HOGjreLAtU4Xq8akU3e1T7s-VtoTn_gntk-aPBf7p7EJJv_hz5ZtDYe28UUkUbt3noW4Da6wsJ3dlWteYDUiaNUJYfZjre7zrBYsffzana15AIJL-NhmNmupCg4OmvB2uiIX-KXfDDEdyjCvVKVJeo0hGL7n4bAtOozbbgH1GSe7_rnu3uT5svLZqiTcVg29R3429mkNF0LRe7BKCNE06M66Uc4gVqtcaFPfpQa3boVxjUuifyivaQbbh5WmP3HB1YBthwdd15-BfgTZKOGTQt_arCZyCSh4UgqtZLjgx5qovzjlbjQAUiU0KoK8Y_13mwPtFEyRbhxTf3IR1THFbKBKEXuNJ4YoYngkE1cw3IVyhOJ4HkZ2JQYHDrXUEerqPWmzrPNoGKaAs_RzMK9Dxw5qA7KccnGgC9zLxz9EXQa8aFzt5r45AT1UobP7yf4wPLrPqIIez_rA4_b5D5Xfgc467QIqvkwYsEb-QloUoIsF9X7iiTRORTDGvkNLJvk1GqumDJ15LrdxIIrZ8bcoBLfK4H_YWV3la9KsSzzCGU1FvK5QRUIUqwstLBGv0LyrhwRDOUaVq-vv0j7Dg6zDn81tWoWWTjMsM8aWN4YDMpWj5aMH50-0W-0a931MEnSlK-MtnbGuR70wMYtn7SCRA5LnwYfy_1ttPmiSehVzY66XaI5w2KdtRQjZ_p2zIsk3P33_jGRB3uG-owPqU3YUAKA_CXvDVOYdcRCkKjfCXVIWsiV5MNmdOAWTNvZEWEdl-rFTu_ie2q52Rm3kQRV3Ok--dnmpWCItZK8MxrtCB8vX5guW1VI5H4q8baDhAxlsaHWkBFHdqiOk8BhXqJHCTJpOcptpEYHtmfDeHtbjE-Bf9GX7qD_MZI2-K3uT1Su0Kd93kgHffaaGjdGiLcnmi_fo7GvKOl3Yq-Kkj2QCt6hBOYL_WCFNvOAvcHCMGVgXasJd9AxNLgo05cDbtXjo1gdF43kw64aioFB9Xj4_95RWgN4vVMJXlEpHiSks8Ht9c49wt4m_ES7socvx8sKNp8VQUgt-Uj_xRZTKpsmiKmNxVPAldBH4rfV7BCIbJ3sM9ETy86ZzukwGCEEqdZnGfUJ2YqeOsrLZ4MMYBGTJzlM9Hg==&xkcb=SoCl-_M3HP22Sxg1bb0IbzkdCdPP&p=3&fvj=0&vjs=3
데이터분석가 신입/경력의 전체 세부 정보,어니컴,서울 용산구,https://kr.indeed.com/rc/clk?jk=d4fe66a66e4604ae&fccid=5c6ed722e9346a08&vjs=3
Python 백엔드 개발 경력자의 전체 세부 정보,블록스퀘어서울,서울 송파구,https://kr.indeed.com/rc/clk?jk=e6412414bd4dbdf0&fccid=72348558bd9456ba&vjs=3
감사부문 감사지원팀 데이터분석 인턴의 전체 세부 정보,EY,서울 영등포구,https://kr.indeed.com/rc/clk?jk=6583ae3760b05eeb&fccid=1544766d4c2915b0&vjs=3
파이썬(python) 백엔드 개발자의 전체 세부 정보,아토머스,서울 강남구,https://kr.indeed.com/rc/clk?jk=7e8499c0e2fe4afb&fccid=660bbb21789ab63d&vjs=3
Deep Learning Researcher (Intern)의 전체 세부 정보,Qualcomm,서울,https://kr.indeed.com/rc/clk?jk=701e887d6f3eb831&fccid=d40ebe11fc879426&vjs=3
Python  인공지능(AI) 외 신입/경력의 전체 세부 정보,사회정보연구원,서울 은평구,https://kr.indeed.com/rc/clk?jk=b7fad584859458e4&fccid=8da9b3751cf2e16c&vjs=3
++렉스코드 백엔드 개발자 ++의 전체 세부 정보,렉스코드,서울 서초구,https://kr.indeed.com/rc/clk?jk=9121c5aa8075bfa3&fccid=005cc3e287692b67&vjs=3
Customer Planning Manager의 전체 세부 정보,LEGO,서울,https://kr.indeed.com/rc/clk?jk=c916c03e645ef14d&fccid=7ffb2f076144ee5d&vjs=3
서버 엔지니어 (Python)의 전체 세부 정보,페이히어,서울 강남구,https://kr.indeed.com/rc/clk?jk=0e5ff08f4d3c963f&fccid=254f50a1adb01cad&vjs=3
[SDV] Data Scientist[연구원  책임연구원]의 전체 세부 정보,현대자동차그룹,서울 강남구,https://kr.indeed.com/rc/clk?jk=020aee8f471db6e8&fccid=980d6ecc399a3373&vjs=3
[AI] AI Researcher의 전체 세부 정보,현대오토에버,서울 강남구,https://kr.indeed.com/rc/clk?jk=74f5a02de0e62acf&fccid=d5a22a3e93377742&vjs=3
[TmaxRG] Backend 개발의 전체 세부 정보,티맥스그룹,성남 분당구,https://kr.indeed.com/rc/clk?jk=1a08cc4c9c123251&fccid=7fd4ab5b8a5f28f4&vjs=3
Quantitative Researcher의 전체 세부 정보,WorldQuant,서울,https://kr.indeed.com/rc/clk?jk=5e63fa757013fa24&fccid=08487f979320ebae&vjs=3
웹개발  백엔드 외 신입/경력 정규직의 전체 세부 정보,코인챗,서울 강남구,https://kr.indeed.com/rc/clk?jk=e3f3b7e2103d9bc7&fccid=e60f835b4d91f8e6&vjs=3
데이터 엔지니어 (+분석가)의 전체 세부 정보,토이스미스,서울 강남구,https://kr.indeed.com/rc/clk?jk=d8f4680a6018ca9c&fccid=008985cb11d73d3d&vjs=3
Software Engineer - Motion Planning and Control의 전체 세부 정보,서울로보틱스,서울 서초구,https://kr.indeed.com/rc/clk?jk=82b2c46e6b7a6f64&fccid=e5516ef2ea4947f5&vjs=3
[신입]Python 개발자 및 DevOps 엔지니어의 전체 세부 정보,에이티지,서울 금천구,https://kr.indeed.com/rc/clk?jk=649704d63fc59e5d&fccid=ec869665f4db5d22&vjs=3
[INEEJI] (주)인이지 인공지능연구소 개발자 (전문연구요원 포함)의 전체 세부 정보,인이지,서울 서초구,https://kr.indeed.com/rc/clk?jk=c30a602a313830ee&fccid=8a0714879bbe4b76&vjs=3
[데브시스터즈] DevOps Engineer (신입)의 전체 세부 정보,데브시스터즈,서울 강남구,https://kr.indeed.com/rc/clk?jk=3058f7280a2e6644&fccid=58a9a803698a0afd&vjs=3
[코스메틱] 감성연구팀 평가법 개발의 전체 세부 정보,제이앤파트너즈코리아,성남 분당구,https://kr.indeed.com/rc/clk?jk=3b7257145eda88d5&fccid=f42c79dbecd0cc7b&vjs=3
Data Scientist의 전체 세부 정보,AITRICS,서울 역삼역,https://kr.indeed.com/rc/clk?jk=5a83a41ef760431f&fccid=9be12e4be3d1efa6&vjs=3
2023년(하) 한화시스템 경력사원 (SW분야)의 전체 세부 정보,한화시스템,성남 분당구,https://kr.indeed.com/rc/clk?jk=018d1405550e3618&fccid=46ba4635611e86ea&vjs=3
Python Backend Engineer의 전체 세부 정보,마인드에이아이,서울 중구,https://kr.indeed.com/rc/clk?jk=1d18acbd074015a7&fccid=6e36b32060404d12&vjs=3
[] 데이터 엔지니어 Data Engineer의 전체 세부 정보,알라딘커뮤니케이션,서울 중구,https://kr.indeed.com/rc/clk?jk=5a232509d9e6794d&fccid=51edebdc5e4c842a&vjs=3
Data Engineer (레이지나잇)의 전체 세부 정보,무신사,서울 성동구,https://kr.indeed.com/rc/clk?jk=88ba1eef225a7727&fccid=a21230b40394711d&vjs=3
[데브시스터즈] Data Platform Software Engineer (Senior/Junior)의 전체 세부 정보,데브시스터즈,서울 강남구,https://kr.indeed.com/rc/clk?jk=d832eb50f24e4587&fccid=58a9a803698a0afd&vjs=3
Build Engineer의 전체 세부 정보,Sonatus,서울,https://kr.indeed.com/rc/clk?jk=8b283a6e59824f23&fccid=3cb1f6ea0be8448b&vjs=3
[디지털일자리매칭플랫폼] People Data Analyst의 전체 세부 정보,비바리퍼블리카,서울,https://kr.indeed.com/rc/clk?jk=6635ebd0231f3e0a&fccid=17dc934b27d58446&vjs=3
Data Scientist의 전체 세부 정보,BOEING,서울,https://kr.indeed.com/rc/clk?jk=0d0872c5582aa229&fccid=edae4285faf6c2f0&vjs=3
개발자 - Python 서버 프로그램 개발의 전체 세부 정보,바인테크,서울 송파구,https://kr.indeed.com/rc/clk?jk=4cc15c26097421c5&fccid=aef44811e748bebe&vjs=3
MLOps Engineer의 전체 세부 정보,BOEING,서울,https://kr.indeed.com/rc/clk?jk=8a5f2479aff6ccfa&fccid=edae4285faf6c2f0&vjs=3
데이터표준품질부문 경력 (정규직)의 전체 세부 정보,한국정보기술단,서울 강남구,https://kr.indeed.com/rc/clk?jk=d927945807f61201&fccid=99925e8e7b9604cc&vjs=3
[모빌테크] Camera / LiDAR 데이터 연구원 (병역특례 전문연구요원 가능)의 전체 세부 정보,모빌테크,서울 서초구,https://kr.indeed.com/rc/clk?jk=241f137e67cc8a92&fccid=b5cf24921581ae1e&vjs=3
파이썬 백엔드 개발자 (Python Backend Engineer)의 전체 세부 정보,휴레이포지티브,서울 강남구,https://kr.indeed.com/rc/clk?jk=870411c0f7a8ae7c&fccid=9f7671105b7ffbe3&vjs=3
Data Scientist의 전체 세부 정보,보잉코리아,서울 강남구,https://kr.indeed.com/rc/clk?jk=bb6609bd38c6fe05&fccid=e9f9929a39dc8bd4&vjs=3
대기업계열 모빌리티 데이터 분석 모델 개발 (신입/경력)의 전체 세부 정보,경연파트너스,서울 용산구,https://kr.indeed.com/rc/clk?jk=fc4ce8e7031b4ab0&fccid=0f76eb1d9acd6c10&vjs=3
[송파구] 데이터 ETL/빅데이터 분석의 전체 세부 정보,시니어앤파트너즈,서울 송파구,https://kr.indeed.com/rc/clk?jk=b4f725cf793bd3ff&fccid=59060ddcdf96b101&vjs=3
[국내그룹사] Data Scientist의 전체 세부 정보,퍼솔켈리코리아 유한회사,서울,https://kr.indeed.com/rc/clk?jk=4be8824b93ff444e&fccid=2c5b80eeab63070c&vjs=3
Industrial Engineer의 전체 세부 정보,보잉코리아,서울 강남구,https://kr.indeed.com/rc/clk?jk=87ed24d3ce42b142&fccid=e9f9929a39dc8bd4&vjs=3
딥러닝 연구개발자 (서울근무)의 전체 세부 정보,딥인스펙션,서울 송파구,https://kr.indeed.com/rc/clk?jk=a3aaffa6ff1225b2&fccid=c5de7e4571bb1a5a&vjs=3
IC Design Engineer 외 신입/경력의 전체 세부 정보,세미브레인,서울 강남구,https://kr.indeed.com/rc/clk?jk=f013ae24682e3a75&fccid=9be06fb350ae1c28&vjs=3
Data플랫폼 전문가 경력 채용의 전체 세부 정보,한화그룹,서울,https://kr.indeed.com/rc/clk?jk=8d5d3e3be20be1be&fccid=bd0dc1817223394f&vjs=3
어플리케이션 개발의 전체 세부 정보,포디아이비젼,서울 서초구,https://kr.indeed.com/rc/clk?jk=460dafa32059e121&fccid=7ad65436e7af0a31&vjs=3
Machine Learning Researcher (Computer Vision)의 전체 세부 정보,BOEING,서울,https://kr.indeed.com/rc/clk?jk=488af8c351d5faf6&fccid=edae4285faf6c2f0&vjs=3
Software Engineer (DevSecOps)의 전체 세부 정보,BOEING,서울,https://kr.indeed.com/rc/clk?jk=2da4acc57b461288&fccid=edae4285faf6c2f0&vjs=3
2023 Student Training in Engineering Program (STEP)  People with Disabilities (장애인 채용)의 전체 세부 정보,Google,서울,https://kr.indeed.com/rc/clk?jk=5d24a062cabc9f0d&fccid=a5b4499d9e91a5c6&vjs=3
Network Engineer -의 전체 세부 정보,Apple,서울,https://kr.indeed.com/rc/clk?jk=28d001297ff82f11&fccid=c1099851e9794854&vjs=3
AI SW 개발-NLP 경력 채용의 전체 세부 정보,한화그룹,서울,https://kr.indeed.com/rc/clk?jk=9555d35f27eec3bf&fccid=bd0dc1817223394f&vjs=3
프런트/백엔드 SW 엔지니어 신입/경력의 전체 세부 정보,하나루프,서울 강남구,https://kr.indeed.com/rc/clk?jk=e45e538287da0a32&fccid=b4370b0f1b3730e3&vjs=3
Associate AI/ML Software Engineer의 전체 세부 정보,BOEING,서울,https://kr.indeed.com/rc/clk?jk=ecf535d2a2ad0ba9&fccid=edae4285faf6c2f0&vjs=3
기술 인턴 인공지능 응용 연구/개발 인턴의 전체 세부 정보,써로마인드로보틱스,서울 관악구,https://kr.indeed.com/rc/clk?jk=71c47ac87bb4087e&fccid=230e414668234579&vjs=3
Python Data Scientist의 전체 세부 정보,Nucleus Health,서울,https://kr.indeed.com/company/Nucleus-Health/jobs/Data-Scientist-af052cb851a21d79?fccid=796221aebe1bd414&vjs=3
9월 신입사원 채용[NLP AI]의 전체 세부 정보,롯데정보통신,서울 가산동,https://kr.indeed.com/rc/clk?jk=4d01d17a69036dde&fccid=ae6a0ecfe23adfb7&vjs=3
딥러닝 AI 개발 연구원의 전체 세부 정보,베이리스,성남 수정구,https://kr.indeed.com/rc/clk?jk=87309d3ff40ead61&fccid=ce871e9e4a9f430a&vjs=3
Business Intelligence - Cross Border eCommerce의 전체 세부 정보,Shopee,서울,https://kr.indeed.com/rc/clk?jk=963aa98f6f6dc038&fccid=0b476c4a7add47fe&vjs=3
[(주)소프트랩스] 백엔드/ 프론트엔드/ 기획자 / 웹 개발자/ 웹 앱 기획자의 전체 세부 정보,소프트랩스,서울 금천구,https://kr.indeed.com/rc/clk?jk=16e605c508eff98a&fccid=5693dea15fa48296&vjs=3
JR0192526 SW engineer intern의 전체 세부 정보,인텔코리아,서울,https://kr.indeed.com/rc/clk?jk=83f4939522ffaa68&fccid=ded06d6a6799d929&vjs=3
데이터전략부 경력 정규직 채용의 전체 세부 정보,KB라이프생명,서울 역삼동,https://kr.indeed.com/rc/clk?jk=ca026481c743e513&fccid=cc6e78a930115d43&vjs=3
Python Engineer (Top Secret Clearance)의 전체 세부 정보,Better Talent Advisors,경기도 평택,https://kr.indeed.com/rc/clk?jk=7e91108c3aa82d7d&fccid=a9ac37d9721dd9ff&vjs=3
Strategic Data Analyst의 전체 세부 정보,JTI - Japan Tobacco International,서울,https://kr.indeed.com/rc/clk?jk=1b202e41da8ab4b4&fccid=09dc3054e100db9a&vjs=3
Python & PyQt. 개발 프로그래머와 프론트엔드 외 신입/경력의 전체 세부 정보,아인사이트,서울 구로구,https://kr.indeed.com/rc/clk?jk=5840681c210152e9&fccid=7744f604a0427c87&vjs=3
빅데이터분석 담당자 in 자원순환 모바일 앱 스타트업의 전체 세부 정보,그레이프 파트너즈,서울 성동구,https://kr.indeed.com/rc/clk?jk=5dd25746d945e947&fccid=e4111ad0459bc402&vjs=3
Data/Machine Learning Engineer (신입)의 전체 세부 정보,플리토,서울 강남구,https://kr.indeed.com/rc/clk?jk=5ab0b45dfa93411b&fccid=01aed038bcce2a5f&vjs=3
[에너지IT기업 해줌] 백엔드 개발자의 전체 세부 정보,해줌,서울 송파구,https://kr.indeed.com/rc/clk?jk=6a7343cfeb54cc55&fccid=a2f5dce9440e4adf&vjs=3
[홈페이지지원] 2023년 신입·경력 중의 전체 세부 정보,사이냅소프트,서울 강서구,https://kr.indeed.com/rc/clk?jk=c0cd7991573c901d&fccid=0673ca84bc014599&vjs=3
퍼즐데이터 역량있는 데이터 분석가의 전체 세부 정보,주식회사퍼즐데이터,서울 역삼동,https://kr.indeed.com/rc/clk?jk=116009dbf59211ed&fccid=bbae7241cc714540&vjs=3
Data Analytics/Engineering 신입사원 채용의 전체 세부 정보,SK CC,성남 정자동,https://kr.indeed.com/rc/clk?jk=78be1c05db61224b&fccid=36b9d5dbe99227ff&vjs=3
[경력직 채용] WM Digital사업부 빅데이터센터의 전체 세부 정보,NH투자증권,서울 여의도,https://kr.indeed.com/rc/clk?jk=0dbdfb4953cb84b2&fccid=b449d5d42bf7e581&vjs=3
[크라우드웍스] NLP 엔지니어 (상시)의 전체 세부 정보,크라우드웍스,서울 강남구,https://kr.indeed.com/rc/clk?jk=34a68c538b336415&fccid=a4d8989a0ef28313&vjs=3
Deep Learning SW Engineer– Qualcomm Research의 전체 세부 정보,Qualcomm,서울,https://kr.indeed.com/rc/clk?jk=d31af77ed83740e5&fccid=d40ebe11fc879426&vjs=3
[스펠릭스] 웹 백엔드 개발자 정규직 (신입/경력)의 전체 세부 정보,스펠릭스,용인 기흥구,https://kr.indeed.com/rc/clk?jk=aaf95638f8fa8150&fccid=03af3eb9ca1a431a&vjs=3
Senior Software Engineer (Python),EvolutionIQ,USA Only,https://weworkremotely.com/remote-jobs/evolutioniq-senior-software-engineer-python
Senior Open Source Developer & DevOps (Python  Django  React  AWS/OpenStack),OpenCraft,Anywhere in the World,https://weworkremotely.com/remote-jobs/opencraft-senior-open-source-developer-devops-python-django-react-aws-openstack